{
    "loss": 0.7511124610900879,
    "accuracy": 0.8561151027679443
}